"Gene","Cluster"
"hum_alu_at","brown"
"AFFX-HUMISGF3A/M97935_3_at","bisque4"
"AFFX-HUMGAPDH/M33197_5_at","magenta"
"AFFX-HUMGAPDH/M33197_3_at","brown"
"AFFX-HSAC07/X00351_5_at","brown4"
"AFFX-HSAC07/X00351_3_at","grey60"
"AFFX-HUMTFRR/M11507_5_at","turquoise"
"AFFX-M27830_M_at","brown4"
"AFFX-M27830_3_at","brown4"
"AFFX-HSAC07/X00351_3_st","brown4"
"AFFX-HSAC07/X00351_M_st","brown4"
"A28102_at","white"
"AB000115_at","brown4"
"AB000449_at","darkgrey"
"AB000450_at","bisque4"
"AB000460_at","brown4"
"AB000464_at","bisque4"
"AB000905_at","royalblue"
"AB001106_at","thistle1"
"AB001325_at","brown4"
"AB002318_at","midnightblue"
"AB002382_at","brown4"
"AB002559_at","darkolivegreen"
"AB003102_at","brown4"
"AB003177_at","magenta"
"AB004884_at","paleturquoise"
"AB006190_at","red"
"AC000064_cds1_at","white"
"AC000064_cds2_at","lightsteelblue1"
"AC002115_cds1_at","brown4"
"AC002115_cds3_at","brown4"
"AC002115_rna2_at","brown4"
"AC002486_at","bisque4"
"AD001527_cds1_at","plum2"
"AF000562_at","brown4"
"AF002224_at","bisque4"
"AF002700_at","cyan"
"AF005775_at","brown4"
"AF006041_at","lightsteelblue1"
"AF006084_at","bisque4"
"AF006087_at","darkorange2"
"AF007111_at","lightsteelblue1"
"AF007875_at","bisque4"
"AF008937_at","turquoise"
"AF009368_at","magenta"
"AF015910_at","blue"
"AJ000480_at","white"
"AJ001421_at","lightcyan"
"D00596_at","bisque4"
"D00632_at","bisque4"
"D00726_at","turquoise"
"D00760_at","cyan"
"D00761_at","pink"
"D00762_at","grey60"
"D00763_at","bisque4"
"D11086_at","darkturquoise"
"D13118_at","darkorange"
"D13315_at","cyan"
"D13370_at","brown4"
"D13540_at","antiquewhite4"
"D13627_at","bisque4"
"D13630_at","darkorange"
"D13634_at","brown4"
"D13641_at","bisque4"
"D13748_at","red"
"D13897_rna2_at","sienna3"
"D13900_at","darkturquoise"
"D13988_at","brown4"
"D14043_at","bisque4"
"D14446_at","grey"
"D14530_at","brown"
"D14657_at","brown4"
"D14658_at","bisque4"
"D14661_at","brown4"
"D14662_at","darkgrey"
"D14663_at","pink"
"D14694_at","brown4"
"D14710_at","bisque4"
"D14811_at","brown4"
"D14812_at","brown"
"D14878_at","brown4"
"D14889_at","brown4"
"D15050_at","brown4"
"D15057_at","bisque4"
"D16217_at","magenta"
"D16562_at","brown4"
"D16581_at","pink"
"D17716_at","midnightblue"
"D21089_at","brown4"
"D21090_at","brown4"
"D21260_at","brown4"
"D21261_at","turquoise"
"D21851_at","brown4"
"D21852_at","bisque4"
"D21853_at","grey60"
"D23660_at","magenta"
"D23662_at","bisque4"
"D23673_at","darkorange"
"D25216_at","grey"
"D25218_at","lavenderblush3"
"D25248_at","pink"
"D25274_at","darkorange"
"D25278_at","brown4"
"D25547_at","magenta"
"D26067_at","darkgrey"
"D26068_at","blue"
"D26069_at","brown4"
"D26308_at","turquoise"
"D26362_at","darkgrey"
"D26528_at","sienna3"
"D26579_at","coral2"
"D26598_at","bisque4"
"D26599_at","royalblue"
"D26600_at","brown4"
"D28114_at","brown4"
"D28118_at","brown4"
"D28124_at","white"
"D28137_at","bisque4"
"D28364_at","darkorange2"
"D28383_at","lightcyan"
"D28416_at","skyblue1"
"D28476_at","coral2"
"D28483_at","magenta"
"D28588_at","brown4"
"D28915_at","royalblue"
"D29012_at","brown4"
"D29013_at","darkorange"
"D29954_at","steelblue"
"D29956_at","orangered4"
"D29963_at","darkorange2"
"D30036_at","darkseagreen4"
"D30655_at","brown4"
"D30758_at","pink"
"D31716_at","salmon4"
"D31765_at","brown4"
"D31766_at","maroon"
"D31767_at","darkorange"
"D31784_at","paleturquoise"
"D31797_at","grey"
"D31846_at","bisque4"
"D31884_at","darkturquoise"
"D31885_at","brown4"
"D31888_at","bisque4"
"D31890_at","bisque4"
"D31891_at","brown4"
"D32001_at","turquoise"
"D32202_at","steelblue"
"D37931_at","darkorange"
"D38047_at","bisque4"
"D38048_at","brown4"
"D38076_at","bisque4"
"D38145_at","bisque4"
"D38491_at","brown"
"D38521_at","sienna3"
"D38524_at","brown4"
"D38535_at","brown4"
"D38548_at","steelblue"
"D38549_at","brown4"
"D38550_at","darkseagreen4"
"D38551_at","brown4"
"D38552_at","brown4"
"D42041_at","red"
"D42043_at","bisque4"
"D42046_at","brown4"
"D42063_at","plum2"
"D42084_at","brown4"
"D42085_at","royalblue"
"D42087_at","darkturquoise"
"D42123_at","brown4"
"D42138_at","bisque4"
"D43642_at","brown4"
"D43767_at","brown4"
"D43948_at","lightsteelblue1"
"D43949_at","brown4"
"D43951_at","paleturquoise"
"D45248_at","red"
"D45371_at","red"
"D49400_at","darkorange"
"D49410_at","midnightblue"
"D49489_at","bisque4"
"D49738_at","darkturquoise"
"D49950_at","brown4"
"D49958_at","brown4"
"D50063_at","skyblue1"
"D50310_at","brown4"
"D50525_at","bisque4"
"D50663_at","bisque4"
"D50857_at","turquoise"
"D50911_at","lightcyan"
"D50912_at","turquoise"
"D50917_at","coral1"
"D50924_at","brown4"
"D50926_at","bisque4"
"D50927_at","blue"
"D50928_at","blue"
"D50930_at","brown4"
"D55654_at","bisque4"
"D55716_at","cyan"
"D56495_at","darkturquoise"
"D61380_at","brown4"
"D63476_at","turquoise"
"D63478_at","turquoise"
"D63481_at","grey"
"D63485_at","brown4"
"D63506_at","brown4"
"D63851_at","brown4"
"D63874_at","skyblue"
"D63875_at","brown4"
"D63876_at","bisque4"
"D63877_at","brown4"
"D63878_at","lavenderblush3"
"D63879_at","brown4"
"D63881_at","sienna3"
"D64110_at","orangered4"
"D64142_at","paleturquoise"
"D64154_at","plum2"
"D64158_at","darkorange"
"D78012_at","coral1"
"D78014_at","brown4"
"D78129_at","skyblue"
"D78134_at","brown4"
"D78151_at","bisque4"
"D78275_at","sienna3"
"D78361_at","turquoise"
"D78367_at","bisque4"
"D79205_at","magenta"
"D79986_at","darkorange2"
"D79991_at","brown4"
"D79992_at","brown4"
"D79993_at","sienna3"
"D79994_at","cyan"
"D79996_at","brown4"
"D79999_at","plum2"
"D80002_at","grey60"
"D80004_at","bisque4"
"D80005_at","bisque4"
"D80006_at","blue"
"D80007_at","brown4"
"D80008_at","brown4"
"D80012_at","brown4"
"D82070_at","brown4"
"D83004_at","skyblue1"
"D83018_at","sienna3"
"D83243_at","blue"
"D83407_at","bisque4"
"D83542_at","brown4"
"D83776_at","darkseagreen4"
"D83778_at","paleturquoise"
"D83779_at","grey"
"D84110_at","brown4"
"D84294_at","darkturquoise"
"D84307_at","brown4"
"D84557_at","darkorange2"
"D85245_at","brown4"
"D85376_at","brown4"
"D85433_at","darkorange2"
"D85527_at","darkorange2"
"D85758_at","lightsteelblue1"
"D85815_at","ivory"
"D86479_at","grey"
"D86519_at","cyan"
"D86962_at","magenta"
"D86963_at","skyblue1"
"D86964_at","orangered4"
"D86965_at","darkolivegreen"
"D86966_at","bisque4"
"D86967_at","bisque4"
"D86972_at","turquoise"
"D86976_at","darkolivegreen"
"D86977_at","brown4"
"D86978_at","royalblue"
"D86979_at","paleturquoise"
"D86982_at","bisque4"
"D86983_at","lightsteelblue1"
"D87023_cds2_at","brown4"
"D87024_at","brown4"
"D87073_at","brown4"
"D87127_at","bisque4"
"D87258_at","magenta"
"D87434_at","brown4"
"D87437_at","lavenderblush3"
"D87438_at","grey60"
"D87442_at","grey60"
"D87445_at","brown4"
"D87446_at","paleturquoise"
"D87447_at","red"
"D87450_at","bisque4"
"D87451_at","orangered4"
"D87453_at","bisque4"
"D87455_at","darkseagreen4"
"D87460_at","brown4"
"D87462_at","steelblue"
"D87466_at","brown"
"D87467_at","salmon4"
"D87469_at","bisque4"
"D87684_at","brown4"
"D87735_at","thistle1"
"D87953_at","maroon"
"D87989_at","magenta"
"D88213_at","brown4"
"D88613_at","maroon"
"D89016_at","brown4"
"D89077_at","skyblue"
"D89667_at","brown4"
"D90086_at","grey"
"D90209_at","coral2"
"D90276_at","brown4"
"HG1071-HT1071_at","brown4"
"HG1078-HT1078_at","lightcyan"
"HG1102-HT1102_at","darkorange"
"HG1112-HT1112_at","lightsteelblue1"
"HG1116-HT1116_at","brown4"
"HG1153-HT1153_at","brown4"
"HG1155-HT4822_at","brown4"
"HG1602-HT1602_at","red"
"HG1612-HT1612_at","bisque4"
"HG1649-HT1652_at","turquoise"
"HG172-HT3924_at","brown4"
"HG1723-HT1729_at","bisque4"
"HG1800-HT1823_at","brown"
"HG1804-HT1829_at","darkturquoise"
"HG1828-HT1857_at","maroon"
"HG1862-HT1897_at","lightpink4"
"HG1869-HT1904_at","darkturquoise"
"HG1872-HT1907_at","bisque4"
"HG1879-HT1919_at","magenta"
"HG2028-HT2082_at","turquoise"
"HG2059-HT2114_at","darkorange2"
"HG2167-HT2237_at","plum2"
"HG2279-HT2375_at","red"
"HG2280-HT2376_at","brown4"
"HG2290-HT2386_at","darkturquoise"
"HG2320-HT2416_at","brown4"
"HG2325-HT2421_at","brown4"
"HG2415-HT2511_at","bisque4"
"HG2442-HT2538_at","bisque4"
"HG2463-HT2559_at","coral1"
"HG2480-HT2576_at","brown4"
"HG2525-HT2621_at","brown4"
"HG2538-HT2634_at","brown4"
"HG2566-HT4867_at","brown4"
"HG2614-HT2710_at","turquoise"
"HG2668-HT2764_at","red"
"HG2715-HT2811_at","bisque4"
"HG2788-HT2896_at","magenta"
"HG2810-HT2921_at","brown4"
"HG2855-HT2995_at","brown4"
"HG2873-HT3017_at","brown"
"HG2874-HT3018_at","grey"
"HG311-HT311_at","darkorange2"
"HG3162-HT3339_at","brown4"
"HG3175-HT3352_at","royalblue"
"HG3214-HT3391_at","brown"
"HG3254-HT3431_at","pink"
"HG3255-HT3432_at","lightcyan"
"HG33-HT33_at","brown"
"HG3355-HT3532_at","brown4"
"HG3364-HT3541_at","brown"
"HG3454-HT3647_at","plum2"
"HG3492-HT3686_at","brown"
"HG3514-HT3708_at","midnightblue"
"HG3521-HT3715_at","grey60"
"HG3549-HT3751_at","brown"
"HG3566-HT3769_at","bisque4"
"HG3578-HT3781_at","brown4"
"HG358-HT358_at","brown4"
"HG363-HT363_at","grey"
"HG37-HT37_at","bisque4"
"HG3740-HT4010_at","blue"
"HG384-HT384_at","coral1"
"HG3971-HT4241_at","bisque4"
"HG3994-HT4264_at","midnightblue"
"HG4018-HT4288_at","red"
"HG4036-HT4306_at","lightcyan"
"HG406-HT406_at","turquoise"
"HG4073-HT4343_at","bisque4"
"HG4074-HT4344_at","darkgrey"
"HG4102-HT4372_at","cyan"
"HG4114-HT4384_at","brown4"
"HG4157-HT4427_at","brown4"
"HG4167-HT4437_at","orangered4"
"HG4185-HT4455_at","brown4"
"HG4243-HT4513_at","antiquewhite4"
"HG4272-HT4542_at","brown4"
"HG4297-HT4567_at","bisque4"
"HG4319-HT4589_at","brown"
"HG4332-HT4602_at","brown4"
"HG4336-HT4606_at","brown4"
"HG4533-HT4938_at","brown4"
"HG4542-HT4947_at","lightsteelblue1"
"HG4606-HT5011_at","brown4"
"HG4660-HT5073_at","antiquewhite4"
"HG4704-HT5146_at","darkorange2"
"HG4716-HT5158_at","bisque4"
"HG613-HT613_at","brown"
"HG620-HT620_at","magenta"
"HG662-HT662_at","sienna3"
"HG821-HT821_at","brown"
"HG830-HT830_at","brown4"
"HG846-HT846_at","turquoise"
"HG908-HT908_at","darkgrey"
"HG919-HT919_at","turquoise"
"HG960-HT960_at","turquoise"
"J00073_at","darkseagreen4"
"J00124_at","bisque4"
"J00129_at","bisque4"
"J00306_at","steelblue"
"J02611_at","bisque4"
"J02883_at","brown4"
"J02888_at","brown4"
"J02902_at","brown4"
"J02906_at","brown4"
"J02923_at","royalblue"
"J02943_at","bisque4"
"J02963_at","brown4"
"J03069_rna1_at","brown4"
"J03133_at","bisque4"
"J03161_at","grey"
"J03191_at","turquoise"
"J03278_at","paleturquoise"
"J03459_at","midnightblue"
"J03473_at","bisque4"
"J03592_at","brown4"
"J03756_at","red"
"J03764_at","brown4"
"J03779_at","brown4"
"J03798_at","bisque4"
"J03827_at","brown4"
"J03930_at","brown4"
"J04040_at","bisque4"
"J04058_at","bisque4"
"J04088_at","turquoise"
"J04111_at","brown4"
"J04162_at","darkorange2"
"J04173_at","bisque4"
"J04177_at","brown4"
"J04456_at","magenta"
"J04543_at","turquoise"
"J04599_at","ivory"
"J04605_at","midnightblue"
"J04611_at","brown4"
"J04794_at","turquoise"
"J04823_rna1_at","brown4"
"J04948_at","brown4"
"J04973_at","brown4"
"J04988_at","bisque4"
"J04990_at","coral2"
"J05032_at","lavenderblush3"
"J05249_at","maroon"
"J05272_at","plum2"
"J05500_at","turquoise"
"J05556_at","darkolivegreen"
"K01383_at","midnightblue"
"K01396_at","darkorange"
"K02574_at","darkgrey"
"K03008_cds2_at","brown4"
"K03195_at","turquoise"
"K03430_at","plum2"
"K03460_at","darkorange2"
"K03515_at","magenta"
"L00352_at","skyblue"
"L00635_at","brown4"
"L00972_at","darkorange"
"L02426_at","brown4"
"L03532_at","royalblue"
"L03785_at","brown4"
"L04953_at","brown4"
"L05148_at","brown4"
"L05425_at","brown4"
"L05512_at","coral2"
"L05568_at","brown4"
"L05779_at","turquoise"
"L06132_at","bisque4"
"L06499_at","brown"
"L06505_at","skyblue"
"L07033_at","paleturquoise"
"L07493_at","brown4"
"L07541_at","skyblue"
"L07548_at","blue"
"L07633_at","orangered4"
"L07758_at","brown4"
"L07765_at","red"
"L08187_at","brown4"
"L08246_at","white"
"L08666_at","brown4"
"L09190_rna1_at","brown4"
"L09235_at","bisque4"
"L09260_at","brown4"
"L09604_at","coral1"
"L10123_at","darkgrey"
"L10284_at","darkolivegreen"
"L10378_at","brown4"
"L10838_at","ivory"
"L10910_at","paleturquoise"
"L11285_at","maroon"
"L11370_at","brown4"
"L11373_at","darkgrey"
"L11566_at","ivory"
"L12168_at","orangered4"
"L12392_at","blue"
"L12468_at","brown4"
"L12535_at","bisque4"
"L13434_at","orangered4"
"L13689_at","bisque4"
"L13761_rna1_at","thistle1"
"L13848_at","turquoise"
"L13852_at","darkturquoise"
"L13923_at","darkorange2"
"L13972_at","bisque4"
"L14076_at","orangered4"
"L14812_at","brown4"
"L14813_at","darkolivegreen"
"L14856_at","brown4"
"L15409_at","brown4"
"L15702_at","bisque4"
"L16464_at","brown4"
"L16782_at","salmon4"
"L16842_at","brown4"
"L16895_at","brown4"
"L17131_rna1_at","darkorange2"
"L17328_at","maroon"
"L18960_at","brown4"
"L18972_at","bisque4"
"L18983_at","maroon"
"L19067_at","skyblue1"
"L19161_at","brown4"
"L19183_at","bisque4"
"L19401_at","turquoise"
"L19437_at","brown4"
"L19527_at","brown"
"L19605_at","turquoise"
"L19779_at","skyblue1"
"L20010_at","darkturquoise"
"L20298_at","brown4"
"L20316_at","brown4"
"L20320_at","bisque4"
"L20773_at","brown4"
"L20815_at","brown4"
"L20826_at","lightcyan"
"L20861_at","brown4"
"L20941_at","darkturquoise"
"L21893_at","brown4"
"L21936_at","bisque4"
"L22009_at","bisque4"
"L22342_at","brown4"
"L22343_at","brown4"
"L24559_at","brown4"
"L24804_at","brown4"
"L25080_at","midnightblue"
"L25119_at","bisque4"
"L25851_at","brown4"
"L25876_at","cyan"
"L26247_at","brown4"
"L27476_at","bisque4"
"L27586_at","darkseagreen4"
"L27706_at","bisque4"
"L27841_at","brown4"
"L27943_at","blue"
"L28010_at","grey60"
"L29008_at","red"
"L29218_at","brown4"
"L29277_at","brown4"
"L31584_at","blue"
"L31801_at","brown"
"L32977_at","bisque4"
"L33801_at","red"
"L33842_rna1_at","bisque4"
"L33881_at","brown4"
"L34060_at","antiquewhite4"
"L34075_at","brown4"
"L34587_at","darkgrey"
"L34820_at","red"
"L36151_at","brown4"
"L36531_at","brown4"
"L36818_at","bisque4"
"L36922_at","pink"
"L37033_at","pink"
"L37042_at","pink"
"L37043_at","plum2"
"L37368_at","cyan"
"L37792_at","midnightblue"
"L37936_at","sienna3"
"L38486_at","brown4"
"L38503_at","antiquewhite4"
"L38616_at","sienna3"
"L38707_at","antiquewhite4"
"L38932_at","darkgrey"
"L38935_at","lightcyan"
"L38941_at","brown"
"L39061_at","grey"
"L39874_at","pink"
"L40027_at","midnightblue"
"L40357_at","pink"
"L40391_at","turquoise"
"L40392_at","brown4"
"L40394_at","brown4"
"L40395_at","brown4"
"L40400_at","bisque4"
"L40401_at","blue"
"L40410_at","brown"
"L40411_at","lightsteelblue1"
"L40586_at","bisque4"
"L41067_at","bisque4"
"L41690_at","grey60"
"L41887_rna1_at","bisque4"
"L42025_rna1_at","blue"
"L42324_at","darkgrey"
"L42373_at","brown4"
"L42542_at","cyan"
"L42563_at","brown4"
"L42572_at","bisque4"
"L42621_at","plum2"
"L43366_at","pink"
"L43631_at","brown4"
"L47345_at","darkseagreen4"
"L48728_cds1_at","cyan"
"L49169_at","cyan"
"L76159_at","brown4"
"L76191_at","magenta"
"L76224_at","blue"
"L76380_at","brown4"
"L76703_at","brown4"
"L77561_at","brown4"
"L77730_at","sienna3"
"L78440_at","red"
"M10014_cds1_at","brown4"
"M10612_at","bisque4"
"M10901_at","darkgrey"
"M11119_at","bisque4"
"M11147_at","bisque4"
"M11353_at","blue"
"M11726_at","brown4"
"M12174_at","bisque4"
"M13149_at","turquoise"
"M13194_at","turquoise"
"M13450_at","blue"
"M13666_at","thistle1"
"M13792_at","magenta"
"M13934_cds2_at","brown"
"M14016_at","midnightblue"
"M14123_xpt2_at","darkseagreen4"
"M14158_cds4_at","bisque4"
"M14219_at","darkturquoise"
"M14676_at","antiquewhite4"
"M14764_at","brown4"
"M15059_at","brown4"
"M15182_at","bisque4"
"M15205_at","darkturquoise"
"M15661_at","grey60"
"M15990_at","pink"
"M16038_at","skyblue"
"M16282_at","brown4"
"M16405_at","bisque4"
"M16447_at","bisque4"
"M16961_at","paleturquoise"
"M17262_at","brown4"
"M17733_at","lightcyan"
"M17885_at","brown"
"M17886_at","brown"
"M18000_at","brown"
"M18737_rna1_at","lightcyan"
"M19283_at","brown4"
"M19483_at","bisque4"
"M19645_at","blue"
"M19720_rna1_at","lightcyan"
"M19722_at","lightpink4"
"M19961_at","bisque4"
"M20137_at","cyan"
"M20471_at","darkseagreen4"
"M20902_at","turquoise"
"M21154_at","brown4"
"M21259_at","skyblue"
"M21812_at","bisque4"
"M21985_at","bisque4"
"M22382_at","brown4"
"M22490_at","darkturquoise"
"M22538_at","bisque4"
"M22760_at","bisque4"
"M22877_at","grey"
"M22976_at","lightpink4"
"M22995_at","grey60"
"M23114_at","darkseagreen4"
"M23161_at","bisque4"
"M23197_at","darkolivegreen"
"M23254_at","skyblue"
"M23613_at","blue"
"M24194_at","brown"
"M24248_at","brown4"
"M24439_at","brown4"
"M24470_at","midnightblue"
"M25164_at","brown4"
"M25269_at","lavenderblush3"
"M26576_cds2_at","brown4"
"M26683_at","bisque4"
"M26880_at","brown4"
"M27543_at","lightcyan"
"M28209_at","brown4"
"M28212_at","ivory"
"M28713_at","brown4"
"M28879_at","brown4"
"M28983_at","brown4"
"M29064_at","darkgrey"
"M29204_at","brown4"
"M29536_at","pink"
"M29581_at","brown4"
"M29696_at","brown4"
"M29877_at","salmon4"
"M29960_at","blue"
"M30818_at","brown4"
"M30894_at","thistle1"
"M30938_at","brown4"
"M31013_at","royalblue"
"M31158_at","bisque4"
"M31303_rna1_at","blue"
"M31328_at","bisque4"
"M31520_at","brown"
"M31525_at","bisque4"
"M31627_at","bisque4"
"M31642_at","lightcyan"
"M31659_at","steelblue"
"M31994_at","midnightblue"
"M32313_at","midnightblue"
"M32315_at","grey60"
"M32405_at","cyan"
"M33308_at","midnightblue"
"M33336_at","bisque4"
"M33521_at","brown4"
"M33680_at","brown4"
"M33764_at","lavenderblush3"
"M33987_at","skyblue1"
"M34079_at","brown4"
"M34175_at","white"
"M34182_at","grey60"
"M34192_at","red"
"M34455_at","darkseagreen4"
"M34667_at","royalblue"
"M35878_at","plum2"
"M36089_at","bisque4"
"M36341_at","pink"
"M37033_at","skyblue"
"M37104_at","brown4"
"M37190_at","brown4"
"M37197_at","turquoise"
"M37245_at","brown4"
"M37435_at","bisque4"
"M37583_at","lightcyan"
"M37721_at","ivory"
"M37766_at","brown4"
"M37984_rna1_at","bisque4"
"M54995_at","brown4"
"M55040_at","brown4"
"M55047_at","paleturquoise"
"M55067_at","magenta"
"M55150_at","turquoise"
"M55265_at","darkorange2"
"M55268_at","darkorange"
"M55593_at","midnightblue"
"M55671_at","brown4"
"M57567_at","brown4"
"M58028_at","red"
"M58285_at","lavenderblush3"
"M58583_at","brown4"
"M58603_at","blue"
"M59465_at","white"
"M59807_at","brown4"
"M59830_at","plum2"
"M60091_at","grey60"
"M60165_cds1_at","brown4"
"M60527_at","midnightblue"
"M60854_at","brown"
"M60858_rna1_at","bisque4"
"M60922_at","grey"
"M61199_at","bisque4"
"M61906_at","cyan"
"M62486_at","turquoise"
"M62783_at","darkorange2"
"M62831_at","brown4"
"M62994_at","sienna3"
"M63138_at","thistle1"
"M63167_at","brown4"
"M63175_at","brown4"
"M63180_at","darkorange2"
"M63262_at","darkorange"
"M63379_at","ivory"
"M63483_at","royalblue"
"M63582_at","darkorange"
"M63623_at","antiquewhite4"
"M63959_at","bisque4"
"M64098_at","bisque4"
"M64108_at","brown4"
"M64174_at","brown4"
"M64571_at","brown4"
"M64590_at","turquoise"
"M64716_at","brown"
"M64925_at","turquoise"
"M64992_at","darkorange2"
"M65131_rna1_at","darkorange2"
"M65217_at","steelblue"
"M65254_at","brown4"
"M68520_at","bisque4"
"M68891_at","brown4"
"M68941_at","salmon4"
"M69023_at","brown4"
"M69039_at","brown4"
"M69043_at","brown4"
"M69066_at","brown4"
"M73047_at","darkolivegreen"
"M73720_at","brown4"
"M73780_at","plum2"
"M74002_at","darkorange2"
"M74099_at","brown4"
"M74491_at","red"
"M74524_at","white"
"M74719_at","brown4"
"M74826_at","bisque4"
"M75099_at","bisque4"
"M75126_at","turquoise"
"M76482_at","brown4"
"M76766_at","darkturquoise"
"M77232_rna1_at","magenta"
"M77836_at","red"
"M79462_at","red"
"M80244_at","darkturquoise"
"M80333_at","darkgrey"
"M80482_at","lightpink4"
"M80629_at","magenta"
"M80899_at","bisque4"
"M81057_at","brown4"
"M81601_at","red"
"M81757_at","brown"
"M81829_at","bisque4"
"M81830_at","bisque4"
"M82882_at","brown4"
"M83088_at","darkolivegreen"
"M83181_at","lightsteelblue1"
"M83221_at","blue"
"M83751_at","brown4"
"M84332_at","brown4"
"M84711_at","bisque4"
"M85164_at","brown4"
"M85247_at","bisque4"
"M85276_at","bisque4"
"M86400_at","darkorange2"
"M86546_at","brown4"
"M86667_at","lightsteelblue1"
"M86707_at","bisque4"
"M86737_at","blue"
"M86917_at","brown4"
"M87284_at","paleturquoise"
"M87339_at","darkorange2"
"M87434_at","brown4"
"M87503_at","bisque4"
"M88108_at","brown4"
"M88163_at","paleturquoise"
"M88279_at","pink"
"M88458_at","lightpink4"
"M88468_at","red"
"M89473_at","lightpink4"
"M90299_at","bisque4"
"M90366_at","coral1"
"M90516_at","bisque4"
"M90656_at","brown4"
"M90696_at","midnightblue"
"M91029_cds2_at","brown4"
"M91432_at","blue"
"M91467_at","red"
"M91585_at","red"
"M91592_at","brown4"
"M91670_at","darkturquoise"
"M92287_at","darkturquoise"
"M92303_at","brown4"
"M92424_at","brown4"
"M92439_at","brown4"
"M93036_at","skyblue1"
"M93283_at","brown4"
"M93284_at","maroon"
"M93405_at","royalblue"
"M93426_at","bisque4"
"M93650_at","darkolivegreen"
"M93718_at","salmon4"
"M94065_at","steelblue"
"M94362_at","brown4"
"M94556_at","brown4"
"M94630_at","brown4"
"M94856_at","brown4"
"M95549_at","brown4"
"M95610_at","brown4"
"M95623_cds1_at","midnightblue"
"M95627_at","brown4"
"M95678_at","brown4"
"M95712_at","brown4"
"M95724_at","lightsteelblue1"
"M96739_at","lavenderblush3"
"M96803_at","bisque4"
"M96859_at","brown4"
"M96982_at","bisque4"
"M97287_at","ivory"
"M97388_at","lightcyan"
"M97815_at","brown4"
"M97856_at","bisque4"
"M97925_rna1_at","brown4"
"M98539_at","magenta"
"M98776_rna1_at","thistle1"
"M98833_at","blue"
"M99701_at","darkgrey"
"S43646_at","bisque4"
"S45630_at","brown4"
"S46622_at","sienna3"
"S53911_at","coral2"
"S58544_at","royalblue"
"S59049_at","white"
"S63912_at","thistle1"
"S65583_rna1_at","darkolivegreen"
"S67325_at","midnightblue"
"S68616_at","lightcyan"
"S70348_at","brown4"
"S71824_at","brown4"
"S72008_at","orangered4"
"S72904_at","grey60"
"S73149_at","brown4"
"S73591_at","steelblue"
"S74221_at","brown4"
"S74728_at","darkorange"
"S75168_rna1_at","brown4"
"S76965_at","brown4"
"S77356_at","paleturquoise"
"S77415_at","darkgrey"
"S77576_at","brown4"
"S77812_at","brown4"
"S78203_at","darkgrey"
"S78296_at","brown4"
"S78653_at","brown4"
"S79267_at","brown4"
"S79522_at","magenta"
"S79639_at","pink"
"S81003_at","lightcyan"
"S81419_at","brown4"
"S81439_at","brown4"
"S81893_at","brown4"
"S81916_at","brown4"
"S82024_at","darkturquoise"
"S82198_at","bisque4"
"S82470_at","bisque4"
"S83364_at","brown4"
"S83366_cds1_at","brown4"
"S87759_at","pink"
"S90469_at","cyan"
"U00930_at","brown4"
"U00943_at","brown4"
"U00968_at","cyan"
"U01038_at","bisque4"
"U01147_at","skyblue"
"U01212_at","coral2"
"U01923_at","ivory"
"U02081_at","turquoise"
"U02082_at","darkturquoise"
"U02310_at","blue"
"U02493_at","bisque4"
"U02556_at","lightcyan"
"U02570_at","sienna3"
"U02632_at","orangered4"
"U03105_at","brown4"
"U03270_at","turquoise"
"U03272_at","brown4"
"U03398_at","brown4"
"U03486_at","brown4"
"U03642_at","brown4"
"U03851_at","pink"
"U03886_at","cyan"
"U04343_at","lavenderblush3"
"U04811_at","brown4"
"U04840_at","brown4"
"U05040_at","thistle1"
"U05237_at","magenta"
"U05291_at","magenta"
"U05659_at","darkolivegreen"
"U06233_at","cyan"
"U06452_at","bisque4"
"U06631_at","bisque4"
"U06681_at","blue"
"U07132_at","brown4"
"U07158_at","cyan"
"U07358_at","brown4"
"U07418_at","brown4"
"U07424_at","brown4"
"U07550_at","bisque4"
"U07559_at","coral2"
"U07681_at","brown4"
"U07695_at","brown4"
"U07802_at","brown4"
"U07857_at","lightsteelblue1"
"U08316_at","brown4"
"U08336_at","white"
"U08815_at","ivory"
"U09002_at","orangered4"
"U09284_at","darkorange"
"U09303_at","brown4"
"U09367_at","magenta"
"U09410_at","brown4"
"U09411_at","darkseagreen4"
"U09412_at","brown"
"U09414_at","brown4"
"U09477_at","grey60"
"U09564_at","lightpink4"
"U09813_at","bisque4"
"U09825_at","brown4"
"U09848_at","brown4"
"U09953_at","lightpink4"
"U10117_at","plum2"
"U10323_at","bisque4"
"U10439_at","brown4"
"U10550_at","steelblue"
"U10686_at","brown4"
"U10868_at","darkorange2"
"U11037_at","ivory"
"U11090_at","brown4"
"U11292_at","darkgrey"
"U11791_at","darkorange2"
"U11861_at","darkorange2"
"U11872_at","maroon"
"U12255_at","white"
"U12404_at","brown"
"U12465_at","brown"
"U12471_cds1_at","cyan"
"U12622_at","bisque4"
"U12779_at","darkolivegreen"
"U13045_at","grey60"
"U13395_at","thistle1"
"U13666_at","bisque4"
"U13695_at","grey"
"U13706_at","magenta"
"U13948_at","turquoise"
"U14193_at","cyan"
"U14383_at","lightcyan"
"U14417_at","brown4"
"U14575_at","bisque4"
"U14588_at","brown4"
"U14603_at","grey"
"U14968_at","brown"
"U14969_at","brown"
"U14970_at","brown"
"U14971_at","ivory"
"U14972_at","ivory"
"U14973_at","brown"
"U15008_at","darkorange2"
"U15009_at","bisque4"
"U15172_at","brown4"
"U15177_at","brown4"
"U15552_at","bisque4"
"U15782_at","brown4"
"U15932_at","white"
"U16127_at","brown4"
"U16282_at","lavenderblush3"
"U16296_at","royalblue"
"U17163_at","turquoise"
"U17579_rna1_at","brown4"
"U17714_at","red"
"U17886_at","brown4"
"U17894_at","brown4"
"U18009_at","bisque4"
"U18062_at","antiquewhite4"
"U18242_at","skyblue"
"U18300_at","cyan"
"U18543_at","brown4"
"U18937_at","sienna3"
"U19261_at","brown4"
"U19345_at","royalblue"
"U19948_at","brown4"
"U19977_at","brown4"
"U20158_at","brown"
"U20325_at","bisque4"
"U20350_at","brown4"
"U20582_at","brown4"
"U20657_at","skyblue1"
"U20908_at","lightcyan"
"U20998_at","bisque4"
"U21551_at","skyblue1"
"U21858_at","brown4"
"U21931_at","darkorange2"
"U22055_at","royalblue"
"U22377_at","paleturquoise"
"U22897_at","royalblue"
"U22963_at","brown4"
"U23143_at","grey60"
"U23803_at","skyblue"
"U24105_at","pink"
"U24152_at","red"
"U24166_at","darkturquoise"
"U24266_at","skyblue"
"U25029_at","sienna3"
"U25128_at","bisque4"
"U25165_at","brown4"
"U25435_at","bisque4"
"U25750_at","bisque4"
"U25789_at","sienna3"
"U26648_at","bisque4"
"U27330_at","brown4"
"U27831_at","brown4"
"U28386_at","darkorange2"
"U28686_at","bisque4"
"U28687_at","midnightblue"
"U28831_at","magenta"
"U28833_at","grey"
"U28963_at","brown4"
"U29171_at","darkgrey"
"U29607_at","lightcyan"
"U29656_at","darkolivegreen"
"U29680_at","skyblue"
"U29700_at","brown4"
"U30521_at","blue"
"U30825_at","brown4"
"U30872_at","brown4"
"U30888_at","sienna3"
"U31120_rna1_at","paleturquoise"
"U31176_at","lightcyan"
"U31248_at","brown4"
"U31342_at","bisque4"
"U31383_at","steelblue"
"U31814_at","salmon4"
"U31930_at","blue"
"U31986_at","ivory"
"U32680_at","brown4"
"U32849_at","blue"
"U32944_at","bisque4"
"U33286_at","bisque4"
"U33818_at","brown4"
"U33821_at","brown4"
"U33839_at","brown4"
"U34343_at","brown4"
"U34605_at","darkturquoise"
"U34962_at","midnightblue"
"U35048_at","darkolivegreen"
"U35451_at","turquoise"
"U35459_at","lavenderblush3"
"U36221_at","brown4"
"U36764_at","pink"
"U36787_at","red"
"U36798_at","brown4"
"U37012_at","midnightblue"
"U37022_rna1_at","red"
"U37122_at","turquoise"
"U37139_at","blue"
"U37219_at","bisque4"
"U37251_at","brown4"
"U37352_at","brown4"
"U37690_at","brown4"
"U37707_at","brown4"
"U38545_at","white"
"U38846_at","bisque4"
"U38847_at","grey60"
"U38904_at","skyblue1"
"U38980_at","brown4"
"U39317_at","pink"
"U39318_at","red"
"U39400_at","brown4"
"U39905_at","brown4"
"U40282_at","turquoise"
"U40343_at","bisque4"
"U40369_rna1_at","salmon4"
"U40391_rna1_at","bisque4"
"U40462_at","brown4"
"U40490_at","blue"
"U40714_at","darkgrey"
"U40990_at","brown4"
"U40998_at","ivory"
"U41060_at","red"
"U41371_at","brown4"
"U41387_at","cyan"
"U41515_at","brown4"
"U41635_at","brown4"
"U41815_at","brown4"
"U42412_at","salmon4"
"U43030_at","bisque4"
"U43077_at","lightsteelblue1"
"U43083_at","blue"
"U43148_at","brown4"
"U43286_at","brown4"
"U43292_at","brown4"
"U43522_at","lightsteelblue1"
"U43527_at","brown4"
"U43753_cds2_at","lightsteelblue1"
"U43923_at","brown4"
"U43965_at","brown4"
"U44059_at","coral1"
"U44378_at","thistle1"
"U44754_at","bisque4"
"U44755_at","brown4"
"U44772_at","brown4"
"U44839_at","brown4"
"U44848_at","orangered4"
"U44975_at","thistle1"
"U45973_at","lavenderblush3"
"U45974_at","brown4"
"U45975_at","brown4"
"U45982_at","bisque4"
"U46023_at","brown4"
"U46025_at","brown4"
"U46194_at","brown4"
"U46570_at","thistle1"
"U46571_at","brown4"
"U46692_rna1_at","skyblue1"
"U46751_at","paleturquoise"
"U47105_at","darkturquoise"
"U47334_at","grey"
"U47634_at","bisque4"
"U47635_at","brown4"
"U47742_at","bisque4"
"U47931_at","brown4"
"U48251_at","blue"
"U48263_at","brown4"
"U48296_at","brown4"
"U48405_at","brown4"
"U48408_at","brown4"
"U48437_at","brown4"
"U48936_at","brown4"
"U49070_at","brown4"
"U49082_at","lavenderblush3"
"U49089_at","brown4"
"U49250_at","brown4"
"U49352_at","brown4"
"U49395_at","brown4"
"U49436_at","bisque4"
"U49785_at","red"
"U49837_at","brown4"
"U49844_at","bisque4"
"U49857_at","brown4"
"U49869_rna1_at","ivory"
"U49973_xpt1_at","lightsteelblue1"
"U50062_at","brown4"
"U50078_at","brown4"
"U50136_rna1_at","bisque4"
"U50523_at","darkolivegreen"
"U50531_at","brown4"
"U50535_at","coral1"
"U50553_at","cyan"
"U50733_at","brown4"
"U50928_at","brown4"
"U50939_at","brown4"
"U50950_at","paleturquoise"
"U51004_at","skyblue"
"U51096_at","darkorange"
"U51127_at","brown"
"U51240_at","brown4"
"U51241_at","brown"
"U51334_at","darkorange"
"U51336_at","blue"
"U51477_at","darkgrey"
"U51478_at","brown4"
"U51678_at","brown4"
"U51903_at","darkturquoise"
"U51920_at","royalblue"
"U51990_at","turquoise"
"U52101_at","skyblue"
"U52112_rna1_at","bisque4"
"U52112_rna5_at","bisque4"
"U52427_rna1_at","brown4"
"U52521_at","skyblue"
"U52522_at","bisque4"
"U52830_at","brown4"
"U53209_at","brown4"
"U53347_at","midnightblue"
"U53446_at","brown4"
"U54778_at","bisque4"
"U55764_at","brown4"
"U55766_at","sienna3"
"U55853_at","sienna3"
"U56244_at","darkturquoise"
"U56417_at","brown4"
"U56418_at","steelblue"
"U56637_at","blue"
"U56814_at","sienna3"
"U56833_at","cyan"
"U57094_at","brown4"
"U57342_at","steelblue"
"U57450_at","grey60"
"U57629_at","ivory"
"U57650_at","magenta"
"U57721_at","brown4"
"U57877_at","brown4"
"U58048_at","turquoise"
"U58089_at","orangered4"
"U58096_at","steelblue"
"U58130_at","darkturquoise"
"U58334_at","brown4"
"U58682_at","darkorange2"
"U58766_at","royalblue"
"U58970_at","darkorange"
"U59302_at","blue"
"U59309_at","brown4"
"U59736_at","brown4"
"U59752_at","red"
"U59878_at","plum2"
"U59919_at","maroon"
"U60115_at","bisque4"
"U60116_at","lavenderblush3"
"U60269_cds2_at","grey60"
"U60269_cds3_at","bisque4"
"U60325_at","darkgrey"
"U60975_at","grey60"
"U61145_at","cyan"
"U61166_at","brown4"
"U61234_at","darkseagreen4"
"U61263_at","bisque4"
"U62136_at","bisque4"
"U62317_rna3_at","coral2"
"U62389_at","bisque4"
"U62739_at","brown4"
"U62962_at","darkturquoise"
"U63541_at","midnightblue"
"U63825_at","darkorange2"
"U63842_at","bisque4"
"U64105_at","pink"
"U64444_at","brown4"
"U65581_at","darkorange"
"U65785_at","midnightblue"
"U65928_at","darkorange2"
"U65932_at","bisque4"
"U66052_at","coral2"
"U66059_cds7_at","brown4"
"U66469_at","red"
"U66578_at","brown4"
"U66615_at","brown4"
"U66616_at","brown4"
"U66617_at","lightcyan"
"U66618_at","white"
"U66838_at","grey"
"U66879_at","bisque4"
"U67171_at","royalblue"
"U67319_at","brown4"
"U67369_at","brown4"
"U67614_at","brown4"
"U67674_at","brown4"
"U67963_at","thistle1"
"U68018_at","orangered4"
"U68063_at","brown4"
"U68142_at","darkturquoise"
"U68494_at","pink"
"U68566_at","bisque4"
"U69141_at","salmon4"
"U69546_at","darkgrey"
"U69645_at","darkorange2"
"U70321_at","pink"
"U70322_at","grey"
"U70323_at","blue"
"U70660_at","bisque4"
"U70671_at","magenta"
"U70735_at","brown4"
"U70867_at","brown4"
"U71088_at","brown4"
"U71300_at","royalblue"
"U71374_at","brown4"
"U71601_at","darkorange2"
"U72066_at","lightcyan"
"U72206_at","brown4"
"U72209_at","bisque4"
"U72508_at","grey"
"U72511_at","bisque4"
"U72512_at","brown4"
"U72517_at","darkorange"
"U73328_at","darkorange2"
"U73379_at","brown4"
"U73524_at","bisque4"
"U73737_at","red"
"U73824_at","lightsteelblue1"
"U75679_at","cyan"
"U75968_at","orangered4"
"U76010_at","lightcyan"
"U76638_at","brown4"
"U76992_at","brown4"
"U77129_at","brown4"
"U77604_at","brown4"
"U77665_at","cyan"
"U77718_at","magenta"
"U77827_at","pink"
"U77948_at","blue"
"U78027_rna3_at","blue"
"U78027_rna4_at","royalblue"
"U78095_at","ivory"
"U78107_at","bisque4"
"U78521_at","brown4"
"U78524_at","brown4"
"U78556_at","brown4"
"U78575_at","bisque4"
"U78678_at","darkolivegreen"
"U78793_at","brown4"
"U78798_at","grey60"
"U79242_at","brown4"
"U79252_at","bisque4"
"U79254_at","brown4"
"U79259_at","magenta"
"U79260_at","brown4"
"U79262_at","brown4"
"U79267_at","bisque4"
"U79274_at","skyblue"
"U79275_at","brown4"
"U79282_at","red"
"U79287_at","blue"
"U79291_at","brown4"
"U79294_at","blue"
"U79296_at","cyan"
"U79297_at","brown4"
"U79716_at","midnightblue"
"U79718_at","orangered4"
"U80017_rna3_at","grey"
"U80040_at","brown4"
"U81375_at","brown4"
"U81554_at","brown4"
"U81556_at","steelblue"
"U81599_at","darkturquoise"
"U81787_at","skyblue"
"U81802_at","brown4"
"U82010_rna1_at","bisque4"
"U82169_at","lightsteelblue1"
"U82303_at","turquoise"
"U82310_at","darkorange"
"U82311_at","brown4"
"U83115_at","lavenderblush3"
"U83246_at","turquoise"
"U83410_at","bisque4"
"U83461_at","brown4"
"U83463_at","salmon4"
"U83843_at","bisque4"
"U84569_at","lightsteelblue1"
"U85193_at","thistle1"
"U85245_at","pink"
"U85430_at","antiquewhite4"
"U85611_at","bisque4"
"U85658_at","lavenderblush3"
"U85946_at","bisque4"
"U85992_at","brown4"
"U86070_at","brown4"
"U86409_at","lightpink4"
"U86529_at","royalblue"
"U86602_at","bisque4"
"U86782_at","brown4"
"U87408_at","brown4"
"U87459_at","bisque4"
"U88629_at","steelblue"
"U88666_at","brown4"
"U88964_at","darkolivegreen"
"U89278_at","darkgrey"
"U89336_cds1_at","midnightblue"
"U89336_cds3_at","coral1"
"U89336_cds8_at","skyblue1"
"U89505_at","bisque4"
"U89896_at","sienna3"
"U90306_at","lightcyan"
"U90313_at","lightsteelblue1"
"U90426_at","red"
"U90547_at","royalblue"
"U90550_at","skyblue1"
"U90651_at","pink"
"U90716_at","pink"
"U90878_at","brown4"
"U90905_at","brown4"
"U90907_at","brown4"
"U90909_at","darkturquoise"
"U90911_at","bisque4"
"U90912_at","royalblue"
"U90915_at","bisque4"
"U90916_at","blue"
"U91327_at","grey60"
"U91930_at","brown4"
"U91931_at","brown4"
"U91932_at","magenta"
"U92014_at","plum2"
"U92015_at","brown"
"U92436_at","darkgrey"
"U93205_at","steelblue"
"U93237_rna2_at","bisque4"
"U93867_at","grey"
"U94319_at","brown4"
"U94585_at","brown4"
"U94586_at","orangered4"
"U94592_at","maroon"
"U94855_at","bisque4"
"U95040_at","magenta"
"U95740_rna1_at","red"
"U96113_at","brown4"
"U96114_at","darkgrey"
"U96629_rna2_at","steelblue"
"U96781_cds1_at","blue"
"U96915_at","brown4"
"U97105_at","steelblue"
"V00563_at","bisque4"
"V00572_at","darkorange2"
"V01512_rna1_at","white"
"X00274_at","sienna3"
"X01060_at","turquoise"
"X01388_at","brown4"
"X01715_at","brown4"
"X02152_at","steelblue"
"X02317_at","brown4"
"X02750_at","darkorange"
"X03066_at","grey"
"X03100_cds2_at","sienna3"
"X03342_at","brown"
"X03484_at","bisque4"
"X03934_at","skyblue"
"X04085_rna1_at","bisque4"
"X04106_at","bisque4"
"X04327_at","red"
"X04391_at","salmon4"
"X05276_at","darkolivegreen"
"X05323_at","brown4"
"X06272_at","skyblue1"
"X06323_at","red"
"X06617_at","brown"
"X06948_at","paleturquoise"
"X07024_at","brown4"
"X07290_at","bisque4"
"X07876_at","antiquewhite4"
"X07948_at","bisque4"
"X07979_at","brown4"
"X12433_at","cyan"
"X12447_at","turquoise"
"X12492_at","brown4"
"X12791_at","thistle1"
"X12794_at","thistle1"
"X13227_at","salmon4"
"X13238_at","lightcyan"
"X13444_at","brown4"
"X13482_at","brown4"
"X13546_rna1_at","brown4"
"X13794_rna1_at","bisque4"
"X13967_at","bisque4"
"X13973_at","darkorange2"
"X14046_at","turquoise"
"X14329_at","midnightblue"
"X14448_at","brown4"
"X14675_at","brown4"
"X14789_at","brown4"
"X14850_at","turquoise"
"X15183_at","bisque4"
"X15187_at","brown4"
"X15341_at","bisque4"
"X15357_at","sienna3"
"X15393_rna1_at","pink"
"X15414_at","midnightblue"
"X15525_rna1_at","turquoise"
"X15822_at","brown4"
"X15882_at","white"
"X15940_at","brown"
"X16064_at","brown"
"X16135_at","darkorange2"
"X16316_at","turquoise"
"X16416_at","brown4"
"X16560_at","brown4"
"X16663_at","midnightblue"
"X16665_at","brown4"
"X17042_at","coral2"
"X17206_at","brown"
"X17620_at","bisque4"
"X17622_at","brown4"
"X51466_at","grey60"
"X51521_at","brown4"
"X51804_at","pink"
"X52151_at","darkolivegreen"
"X52192_at","brown4"
"X52479_at","thistle1"
"X52520_at","lavenderblush3"
"X52730_rna1_at","brown4"
"X52851_rna1_at","brown4"
"X52882_at","brown4"
"X52966_at","magenta"
"X53331_at","brown4"
"X53777_at","darkorange2"
"X53793_at","bisque4"
"X54304_at","paleturquoise"
"X54326_at","brown4"
"X54637_at","salmon4"
"X54870_at","lightcyan"
"X54942_at","plum2"
"X55079_rna1_at","brown4"
"X55666_at","brown4"
"X55715_at","brown"
"X55733_at","brown4"
"X55954_at","brown"
"X56199_at","bisque4"
"X56253_rna1_at","lightsteelblue1"
"X56468_at","brown4"
"X56494_at","coral2"
"X56667_at","cyan"
"X56932_at","brown"
"X56997_rna1_at","grey60"
"X57303_at","bisque4"
"X57346_at","lightpink4"
"X57398_at","bisque4"
"X57766_at","brown4"
"X57959_at","maroon"
"X58521_at","white"
"X59405_at","brown4"
"X59417_at","steelblue"
"X59770_at","lightcyan"
"X59834_at","turquoise"
"X59841_at","darkolivegreen"
"X59892_at","blue"
"X60036_at","darkorange2"
"X60188_at","brown4"
"X60221_at","brown4"
"X60486_at","brown4"
"X60489_at","lightpink4"
"X61072_at","brown4"
"X61100_rna1_at","darkseagreen4"
"X61615_at","blue"
"X61970_at","bisque4"
"X62025_rna1_at","brown4"
"X62055_at","darkolivegreen"
"X62320_at","magenta"
"X62466_at","bisque4"
"X62573_at","pink"
"X62654_rna1_at","magenta"
"X62691_at","brown"
"X63337_at","darkorange2"
"X63422_at","brown4"
"X63527_at","brown"
"X63657_at","royalblue"
"X63679_at","bisque4"
"X63692_at","darkturquoise"
"X63753_at","brown4"
"X64037_at","brown4"
"X64229_at","lightcyan"
"X64269_at","brown4"
"X64330_at","turquoise"
"X64364_at","bisque4"
"X64707_at","magenta"
"X65614_at","white"
"X65724_at","lightpink4"
"X65867_at","bisque4"
"X65873_at","darkseagreen4"
"X66079_at","brown4"
"X66141_at","brown4"
"X66364_at","red"
"X66397_at","brown4"
"X66401_cds1_at","orangered4"
"X66417_at","brown4"
"X66534_at","grey60"
"X67155_at","ivory"
"X67247_rna1_at","brown"
"X67697_at","steelblue"
"X67698_at","steelblue"
"X67951_at","royalblue"
"X68242_at","cyan"
"X68277_at","white"
"X68486_at","blue"
"X68560_at","bisque4"
"X68561_at","coral1"
"X68733_rna1_at","brown4"
"X68994_at","antiquewhite4"
"X69111_at","white"
"X69141_at","bisque4"
"X69150_at","brown"
"X69391_at","grey60"
"X69398_at","white"
"X69433_at","cyan"
"X69550_at","darkorange2"
"X69636_at","lightcyan"
"X69699_at","bisque4"
"X69878_at","bisque4"
"X69908_rna1_at","skyblue"
"X69910_at","darkorange2"
"X69978_at","bisque4"
"X70040_at","bisque4"
"X70218_at","brown4"
"X70297_at","white"
"X70394_at","darkolivegreen"
"X70683_at","magenta"
"X71129_at","brown4"
"X71428_at","royalblue"
"X71973_at","brown4"
"X72177_rna1_at","turquoise"
"X72755_at","plum2"
"X72841_at","darkorange2"
"X72964_at","bisque4"
"X73113_at","antiquewhite4"
"X73460_at","brown"
"X74008_at","bisque4"
"X74104_at","bisque4"
"X74262_at","brown4"
"X74331_at","lightsteelblue1"
"X74496_at","brown4"
"X74614_at","orangered4"
"X74764_at","brown4"
"X74795_at","turquoise"
"X74801_at","brown4"
"X75042_at","brown"
"X75208_at","brown"
"X75252_at","ivory"
"X75304_at","antiquewhite4"
"X75593_at","darkgrey"
"X75861_at","brown4"
"X75962_at","brown4"
"X76013_at","darkorange2"
"X76040_at","darkorange"
"X76104_at","turquoise"
"X76132_at","steelblue"
"X76228_at","antiquewhite4"
"X76302_at","darkorange2"
"X76538_at","darkturquoise"
"X76648_at","turquoise"
"X76717_at","thistle1"
"X76732_at","bisque4"
"X76770_at","brown4"
"X77094_at","darkturquoise"
"X77197_at","cyan"
"X77548_at","bisque4"
"X77584_at","orangered4"
"X77794_at","bisque4"
"X78031_at","brown4"
"X78136_at","paleturquoise"
"X78627_at","blue"
"X78669_at","brown"
"X78817_at","red"
"X79234_at","blue"
"X79439_at","darkseagreen4"
"X79536_at","white"
"X79781_at","brown4"
"X79981_at","brown4"
"X80199_at","magenta"
"X80200_at","magenta"
"X80230_at","brown4"
"X80497_at","skyblue1"
"X80507_at","brown4"
"X80692_at","brown4"
"X80695_at","bisque4"
"X80754_at","maroon"
"X80822_at","brown"
"X80907_at","brown4"
"X80909_at","blue"
"X80910_at","salmon4"
"X80915_rna1_at","brown4"
"X80923_at","brown4"
"X81003_at","brown4"
"X81198_at","turquoise"
"X81333_at","pink"
"X81817_at","turquoise"
"X81889_at","brown4"
"X81892_at","bisque4"
"X82103_at","turquoise"
"X82200_at","bisque4"
"X82434_at","pink"
"X82456_at","brown4"
"X82554_rna1_at","bisque4"
"X82634_at","lavenderblush3"
"X82877_at","blue"
"X82895_at","brown4"
"X83218_at","bisque4"
"X83368_at","paleturquoise"
"X83425_at","brown4"
"X83928_at","skyblue1"
"X83973_at","darkgrey"
"X84002_at","brown4"
"X84194_at","coral1"
"X84740_at","turquoise"
"X84908_at","darkgrey"
"X85372_at","lightcyan"
"X85373_at","bisque4"
"X85785_rna1_at","midnightblue"
"X85786_at","red"
"X86012_at","turquoise"
"X86570_at","brown4"
"X86681_at","brown4"
"X86779_at","darkolivegreen"
"X87838_at","brown"
"X89059_at","lavenderblush3"
"X89211_at","blue"
"X89267_at","darkorange"
"X89398_cds2_at","bisque4"
"X89750_at","turquoise"
"X89894_at","bisque4"
"X89960_at","bisque4"
"X89984_at","brown4"
"X89985_at","pink"
"X90761_at","coral2"
"X90763_at","brown4"
"X90872_at","brown4"
"X90978_at","steelblue"
"X91247_at","midnightblue"
"X91257_at","white"
"X91504_at","brown4"
"X91788_at","bisque4"
"X91809_at","turquoise"
"X91868_at","bisque4"
"X92098_at","steelblue"
"X92106_at","brown4"
"X92110_at","brown4"
"X92396_at","darkorange"
"X92521_at","plum2"
"X92715_at","brown4"
"X92720_at","bisque4"
"X93921_at","bisque4"
"X94232_at","brown4"
"X94754_at","coral1"
"X95404_at","lightpink4"
"X95586_at","lightpink4"
"X96381_rna1_at","orangered4"
"X96484_at","brown4"
"X96586_at","bisque4"
"X96698_at","royalblue"
"X96752_at","brown4"
"X96924_rna1_at","plum2"
"X96969_at","brown4"
"X97074_at","brown4"
"X97160_rna1_at","brown4"
"X97198_at","brown4"
"X97249_at","darkorange"
"X97302_at","midnightblue"
"X97544_at","pink"
"X98001_at","bisque4"
"X98085_at","maroon"
"X98172_at","brown4"
"X98248_rna1_at","ivory"
"X98260_at","darkorange"
"X98261_at","brown4"
"X98263_at","steelblue"
"X98411_at","darkorange2"
"X98743_at","bisque4"
"X98801_at","grey60"
"X99050_rna1_at","brown4"
"X99101_at","red"
"X99141_at","bisque4"
"X99209_at","royalblue"
"X99459_at","royalblue"
"X99585_at","brown4"
"X99664_at","bisque4"
"X99687_at","sienna3"
"X99688_at","brown4"
"X99728_at","brown4"
"Y00062_at","bisque4"
"Y00064_at","steelblue"
"Y00281_at","bisque4"
"Y00282_at","darkolivegreen"
"Y00318_at","brown4"
"Y00433_at","brown4"
"Y00486_rna1_at","darkolivegreen"
"Y00764_at","darkgrey"
"Y00971_at","brown4"
"Y07604_at","bisque4"
"Y07683_at","brown4"
"Y07829_xpt4_at","brown4"
"Y07847_at","brown4"
"Y08134_at","royalblue"
"Y08200_at","bisque4"
"Y08302_at","coral2"
"Y08409_at","brown4"
"Y08612_at","bisque4"
"Y08614_at","bisque4"
"Y08915_at","plum2"
"Y08976_at","brown4"
"Y08991_at","bisque4"
"Y09216_at","turquoise"
"Y09306_at","ivory"
"Y09443_at","ivory"
"Y09615_at","bisque4"
"Y09616_at","brown4"
"Y10055_at","brown4"
"Y10376_at","brown4"
"Y10505_at","brown4"
"Y10518_at","skyblue"
"Y10615_at","salmon4"
"Y10936_at","lightcyan"
"Y11251_at","brown4"
"Y11681_at","brown4"
"Y11710_rna1_at","brown4"
"Y11897_at","bisque4"
"Y12670_at","brown4"
"Y12856_at","brown4"
"Y13115_at","cyan"
"Y13153_at","cyan"
"Y14140_at","brown4"
"Z12962_at","brown"
"Z14000_at","brown4"
"Z14244_at","bisque4"
"Z15114_at","bisque4"
"Z17227_at","skyblue"
"Z18859_rna1_at","antiquewhite4"
"Z21488_at","brown4"
"Z21507_at","bisque4"
"Z22536_at","coral1"
"Z23064_at","grey"
"Z23115_at","royalblue"
"Z25535_at","bisque4"
"Z25749_rna1_at","ivory"
"Z25884_at","brown4"
"Z26876_at","brown"
"Z27113_at","cyan"
"Z28407_at","sienna3"
"Z29064_at","darkorange2"
"Z29090_at","darkolivegreen"
"Z29481_at","lightcyan"
"Z29505_at","blue"
"Z29678_at","brown4"
"Z30426_at","bisque4"
"Z31357_at","thistle1"
"Z32765_at","blue"
"Z34918_at","darkturquoise"
"Z35093_at","darkorange"
"Z35102_at","darkgrey"
"Z35227_at","darkolivegreen"
"Z35491_at","bisque4"
"Z36531_at","steelblue"
"Z36715_at","brown4"
"Z37166_at","bisque4"
"Z37976_at","darkgrey"
"Z37986_at","paleturquoise"
"Z46973_at","brown4"
"Z47087_at","brown4"
"Z47553_at","royalblue"
"Z47727_at","blue"
"Z48042_at","brown4"
"Z48051_rna1_at","brown4"
"Z48054_at","brown4"
"Z48199_at","bisque4"
"Z48481_at","brown4"
"Z48512_at","brown4"
"Z48541_at","maroon"
"Z48923_at","red"
"Z48950_at","brown4"
"Z49099_at","thistle1"
"Z49254_at","brown4"
"Z49878_at","blue"
"Z50022_at","blue"
"Z50053_at","red"
"Z50749_at","brown4"
"Z50781_at","brown4"
"Z67743_at","red"
"Z68129_cds1_at","brown4"
"Z69720_at","brown4"
"Z69915_at","bisque4"
"Z70219_at","darkolivegreen"
"Z70759_at","brown"
"Z71460_at","bisque4"
"Z72499_at","bisque4"
"Z75330_at","ivory"
"Z84721_cds2_at","blue"
"Z93784_at","brown4"
"Z95624_at","lightsteelblue1"
"Z97054_xpt2_at","coral2"
"AB002533_at","lightpink4"
"AB006782_at","brown4"
"AF001548_rna1_at","pink"
"D00860_at","pink"
"D13146_cds1_at","royalblue"
"D16105_at","royalblue"
"D21235_at","bisque4"
"D29805_at","blue"
"D31889_at","bisque4"
"D38073_at","skyblue"
"D45132_at","plum2"
"D50405_at","bisque4"
"D80000_at","cyan"
"D83646_at","pink"
"D86550_at","bisque4"
"D86988_at","blue"
"HG2465-HT4871_at","brown4"
"HG2846-HT2983_at","cyan"
"HG3543-HT3739_at","pink"
"HG651-HT4201_at","blue"
"J02986_cds1_at","steelblue"
"J04168_at","brown4"
"J04182_at","lightpink4"
"K01900_at","darkolivegreen"
"L00058_at","bisque4"
"L04282_at","brown4"
"L10413_at","brown4"
"L11066_at","antiquewhite4"
"L11284_at","salmon4"
"L13773_at","brown4"
"L20688_at","turquoise"
"L20965_at","bisque4"
"L22454_at","coral1"
"L33075_at","sienna3"
"L40397_at","grey60"
"L49380_at","grey60"
"L76517_at","royalblue"
"M14745_at","lightcyan"
"M16342_at","salmon4"
"M24900_at","brown4"
"M31724_at","white"
"M34276_at","darkorange2"
"M34715_at","skyblue1"
"M37712_at","brown4"
"M69013_at","brown4"
"M69181_at","cyan"
"M84424_at","brown4"
"M87770_at","brown4"
"M91463_rna1_at","maroon"
"M93651_at","orangered4"
"M94046_at","grey60"
"M97676_at","antiquewhite4"
"S41458_at","pink"
"U09609_at","bisque4"
"U12767_at","darkorange2"
"U13022_at","brown4"
"U14394_at","brown4"
"U33841_at","brown4"
"U34587_at","brown4"
"U36341_rna1_at","red"
"U37146_at","cyan"
"U38276_at","grey"
"U41518_at","midnightblue"
"U41654_at","salmon4"
"U47077_at","brown4"
"U50196_at","brown4"
"U53204_at","skyblue"
"U61500_at","brown4"
"U72649_at","darkseagreen4"
"U83171_at","brown4"
"U94832_at","bisque4"
"U96131_at","brown4"
"X02160_at","blue"
"X04526_at","steelblue"
"X05610_at","grey"
"X06268_at","red"
"X12671_rna1_at","sienna3"
"X14766_at","bisque4"
"X55005_rna1_at","pink"
"X55990_rna1_at","brown4"
"X56841_at","steelblue"
"X63717_at","bisque4"
"X65488_at","pink"
"X65857_at","brown4"
"X66087_at","paleturquoise"
"X66785_at","turquoise"
"X72727_at","antiquewhite4"
"X73478_at","brown4"
"X77753_at","maroon"
"X78338_at","brown4"
"X80818_at","cyan"
"X81625_at","darkturquoise"
"Z15115_at","turquoise"
"Z18956_at","brown4"
"Z74615_at","brown4"
"D86974_at","pink"
"AB002356_s_at","bisque4"
"Z49107_s_at","bisque4"
"AC000063_s_at","thistle1"
"AC002045_xpt2_s_at","pink"
"AC002477_s_at","brown4"
"AJ000099_s_at","red"
"X83416_s_at","grey60"
"M18700_s_at","grey"
"Y00097_s_at","midnightblue"
"D00749_s_at","brown4"
"L09229_s_at","blue"
"L06797_s_at","salmon4"
"D12775_s_at","bisque4"
"M19650_s_at","bisque4"
"S50017_s_at","bisque4"
"D79206_s_at","brown"
"D13413_rna1_s_at","brown"
"D13705_s_at","brown4"
"D13720_s_at","lightsteelblue1"
"HG1400-HT1400_s_at","brown4"
"Z49835_s_at","coral2"
"HG4541-HT4946_s_at","darkorange"
"D26156_s_at","brown4"
"D26535_s_at","skyblue"
"D28473_s_at","blue"
"D29640_s_at","royalblue"
"D29675_s_at","brown4"
"U34380_rna1_s_at","brown4"
"X14085_s_at","bisque4"
"HG4312-HT4582_s_at","brown4"
"X62153_s_at","brown4"
"S68874_s_at","darkorange"
"U38964_s_at","plum2"
"S78771_s_at","darkseagreen4"
"Z84497_s_at","brown4"
"D43682_s_at","turquoise"
"M19311_s_at","grey"
"D49354_s_at","darkolivegreen"
"D49372_s_at","bisque4"
"D49487_s_at","brown4"
"D49824_s_at","brown"
"U50079_s_at","white"
"U58046_s_at","brown4"
"D63479_s_at","bisque4"
"D63861_s_at","brown4"
"M96954_s_at","white"
"Y10807_s_at","orangered4"
"D78132_s_at","salmon4"
"D78577_s_at","steelblue"
"S78271_s_at","bisque4"
"D83260_s_at","skyblue1"
"U19713_s_at","orangered4"
"Z35085_s_at","antiquewhite4"
"D89377_at","brown4"
"HG1728-HT1734_s_at","brown4"
"X55448_cds1_s_at","turquoise"
"HG110-HT110_s_at","darkorange"
"HG1140-HT4817_s_at","brown4"
"HG1322-HT5143_s_at","brown4"
"HG1428-HT1428_s_at","brown"
"HG1471-HT3923_s_at","brown4"
"X57351_at","royalblue"
"X57351_s_at","brown4"
"HG1595-HT4788_s_at","brown4"
"HG1751-HT1768_at","brown4"
"U19247_rna1_s_at","grey60"
"U47025_s_at","white"
"M14199_s_at","brown"
"U43901_rna1_s_at","brown"
"HG2090-HT2152_s_at","brown4"
"HG210-HT210_s_at","grey60"
"HG2197-HT2267_s_at","paleturquoise"
"HG2238-HT2321_s_at","coral1"
"HG4069-HT4339_s_at","blue"
"HG243-HT243_s_at","brown4"
"L08835_rna2_s_at","darkorange"
"U22376_cds2_s_at","blue"
"X55019_s_at","grey"
"HG2639-HT2735_s_at","skyblue"
"HG2705-HT2801_s_at","darkgrey"
"HG273-HT273_s_at","brown4"
"HG2809-HT2920_s_at","darkorange"
"X04654_s_at","grey60"
"HG2815-HT2931_at","brown4"
"HG2815-HT2931_s_at","maroon"
"HG2815-HT4023_s_at","darkgrey"
"HG2841-HT2968_s_at","brown4"
"HG2868-HT3012_s_at","bisque4"
"HG2994-HT4850_s_at","brown4"
"U77846_rna1_at","brown4"
"U77846_rna1_s_at","brown4"
"HG3076-HT3238_s_at","brown4"
"X75755_rna1_s_at","brown4"
"HG3107-HT3283_s_at","midnightblue"
"M31520_rna1_at","brown4"
"M31520_rna1_s_at","blue"
"HG3319-HT3496_s_at","brown4"
"HG3342-HT3519_s_at","brown4"
"HG3432-HT3620_s_at","midnightblue"
"HG3437-HT3628_s_at","bisque4"
"HG3484-HT3678_s_at","lightsteelblue1"
"HG3523-HT4899_s_at","magenta"
"J03242_s_at","grey60"
"HG36-HT4101_s_at","turquoise"
"HG371-HT26388_s_at","brown4"
"HG3725-HT3981_s_at","grey"
"HG3920-HT4521_s_at","brown4"
"X77588_s_at","brown4"
"HG4011-HT4804_s_at","bisque4"
"HG4020-HT4290_s_at","red"
"HG4063-HT4333_s_at","brown4"
"HG4094-HT4364_s_at","darkturquoise"
"M20867_s_at","brown4"
"HG4264-HT4534_s_at","brown4"
"HG4318-HT4588_s_at","midnightblue"
"HG4535-HT4940_s_at","bisque4"
"U19251_s_at","brown4"
"M57464_s_at","brown4"
"HG627-HT5097_s_at","turquoise"
"X57110_s_at","brown4"
"Z68280_cds2_s_at","red"
"HG721-HT4828_s_at","brown4"
"HG721-HT4827_s_at","brown4"
"HG884-HT884_s_at","red"
"HG945-HT945_s_at","brown"
"HG982-HT982_s_at","plum2"
"M10277_s_at","bisque4"
"M97935_s_at","bisque4"
"J00105_s_at","blue"
"S71043_rna1_s_at","thistle1"
"V00594_s_at","coral2"
"M29386_s_at","darkseagreen4"
"V00599_s_at","coral1"
"J02621_s_at","brown4"
"J02683_s_at","lightcyan"
"X05130_s_at","magenta"
"M29610_at","darkorange2"
"M29610_s_at","turquoise"
"U50327_s_at","coral1"
"J03241_s_at","bisque4"
"U07806_s_at","turquoise"
"X57579_s_at","darkgrey"
"U01691_s_at","skyblue"
"J03805_s_at","brown4"
"J05253_s_at","bisque4"
"J04029_s_at","brown4"
"J04046_s_at","brown4"
"J04130_s_at","white"
"M61827_rna1_s_at","darkturquoise"
"X14684_s_at","darkorange2"
"U75272_s_at","coral1"
"X17567_s_at","turquoise"
"X52979_rna1_s_at","salmon4"
"S40719_s_at","maroon"
"J04617_s_at","brown"
"X03689_s_at","brown"
"J05016_rna1_s_at","royalblue"
"J05036_s_at","turquoise"
"M32304_s_at","blue"
"M34996_s_at","brown4"
"M13058_s_at","bisque4"
"X69920_s_at","pink"
"X66113_s_at","royalblue"
"L04483_s_at","brown"
"L05072_s_at","blue"
"Z31560_s_at","brown4"
"S57212_s_at","bisque4"
"L10333_s_at","thistle1"
"L10338_s_at","bisque4"
"L10615_s_at","darkturquoise"
"L15189_s_at","sienna3"
"U03397_s_at","paleturquoise"
"L13939_s_at","skyblue"
"U33838_s_at","darkturquoise"
"Z22951_rna1_s_at","brown4"
"L19493_s_at","brown4"
"U11875_s_at","brown4"
"U59632_s_at","sienna3"
"S75213_s_at","orangered4"
"M60974_s_at","turquoise"
"L25931_s_at","turquoise"
"U35005_s_at","midnightblue"
"S69265_s_at","brown4"
"L32831_s_at","turquoise"
"U80226_s_at","brown4"
"L35249_s_at","orangered4"
"L46720_s_at","coral1"
"M34458_rna1_s_at","turquoise"
"L38490_s_at","blue"
"U15637_s_at","blue"
"U32986_s_at","turquoise"
"U61734_s_at","grey60"
"L49209_s_at","paleturquoise"
"L43575_s_at","turquoise"
"L43579_at","bisque4"
"L43579_s_at","darkturquoise"
"X92518_s_at","lightcyan"
"Y08765_s_at","brown4"
"Y08766_s_at","brown4"
"U45878_s_at","grey60"
"U64315_s_at","brown"
"X05855_s_at","brown4"
"X07438_s_at","cyan"
"X83705_s_at","salmon4"
"M12959_s_at","lightsteelblue1"
"M13829_s_at","bisque4"
"M13994_s_at","grey"
"M14328_s_at","midnightblue"
"M14483_rna1_s_at","lightsteelblue1"
"M26708_s_at","darkorange"
"M36429_s_at","lightpink4"
"M16652_at","lightpink4"
"M16938_s_at","red"
"Y00414_s_at","brown4"
"M18255_cds2_s_at","orangered4"
"M18391_s_at","paleturquoise"
"Z19554_s_at","blue"
"X54667_s_at","brown4"
"M19508_xpt3_s_at","brown4"
"M20747_s_at","bisque4"
"M84371_rna1_s_at","lightcyan"
"M21142_cds2_s_at","brown4"
"M26730_s_at","grey"
"M22348_s_at","turquoise"
"M23323_s_at","maroon"
"Z68228_s_at","magenta"
"X95325_s_at","darkgrey"
"M24485_s_at","brown4"
"M54915_s_at","brown4"
"X72632_s_at","darkorange2"
"M26041_s_at","turquoise"
"X60003_s_at","blue"
"M28213_s_at","magenta"
"M29277_at","darkorange"
"M28882_s_at","lavenderblush3"
"U20734_s_at","white"
"Z47055_s_at","bisque4"
"M29932_s_at","brown4"
"M29994_s_at","darkgrey"
"M30257_s_at","red"
"M30448_s_at","blue"
"X57152_rna1_s_at","brown4"
"M74587_rna1_s_at","lavenderblush3"
"M31211_s_at","brown4"
"M65214_s_at","magenta"
"M33684_s_at","skyblue"
"U05681_s_at","white"
"X51435_s_at","steelblue"
"M34338_s_at","brown4"
"U50648_s_at","brown4"
"M36284_s_at","darkolivegreen"
"M37238_s_at","brown4"
"M37457_at","brown4"
"M38449_s_at","turquoise"
"M55409_s_at","magenta"
"M55513_s_at","cyan"
"M55998_s_at","bisque4"
"U16720_rna1_s_at","brown4"
"X13461_s_at","bisque4"
"M60284_s_at","brown4"
"M60483_rna1_s_at","brown4"
"M60784_s_at","royalblue"
"M61826_s_at","turquoise"
"M61832_s_at","bisque4"
"X65962_s_at","brown4"
"M92843_s_at","white"
"M64269_s_at","brown4"
"Z26491_s_at","red"
"M74715_s_at","bisque4"
"M75715_s_at","salmon4"
"X62083_s_at","darkseagreen4"
"X58528_s_at","red"
"M81695_s_at","ivory"
"X80763_s_at","lightpink4"
"X62534_s_at","turquoise"
"U84011_s_at","magenta"
"X15673_s_at","skyblue"
"S54005_s_at","darkolivegreen"
"S57132_s_at","bisque4"
"X75091_s_at","orangered4"
"M94172_s_at","turquoise"
"X68985_s_at","brown4"
"S49592_s_at","paleturquoise"
"M97796_s_at","coral1"
"X66142_s_at","maroon"
"X57809_s_at","coral2"
"S52969_cds1_s_at","brown4"
"X65784_s_at","magenta"
"S56151_s_at","white"
"X51362_s_at","pink"
"S72024_s_at","grey60"
"S72503_s_at","bisque4"
"U24056_s_at","midnightblue"
"U31929_s_at","brown4"
"S76473_s_at","darkorange"
"S79219_s_at","turquoise"
"S79873_s_at","coral2"
"S80437_s_at","brown4"
"S81264_s_at","grey"
"S83513_s_at","brown4"
"X04347_s_at","darkorange2"
"U00947_s_at","lightpink4"
"X73358_s_at","maroon"
"U06155_s_at","brown"
"U18271_cds3_s_at","brown4"
"U09510_s_at","plum2"
"U09716_s_at","magenta"
"U72935_cds3_s_at","brown4"
"U09820_s_at","pink"
"U12707_s_at","brown4"
"U15642_s_at","brown4"
"X91911_s_at","red"
"U16812_s_at","lightsteelblue1"
"X84213_s_at","maroon"
"U19252_s_at","turquoise"
"U19557_s_at","brown4"
"U22431_s_at","grey60"
"U23852_s_at","brown4"
"U25034_s_at","darkseagreen4"
"U26312_s_at","brown4"
"U27326_s_at","brown4"
"Z50115_s_at","bisque4"
"U30827_s_at","brown4"
"U45328_s_at","brown4"
"U41068_cds2_s_at","bisque4"
"U67092_s_at","brown4"
"X91196_s_at","darkgrey"
"U36759_s_at","brown4"
"Z69030_s_at","bisque4"
"X85137_s_at","lightsteelblue1"
"Z47038_s_at","bisque4"
"X93511_s_at","blue"
"U40846_s_at","turquoise"
"X76942_s_at","coral1"
"U41767_s_at","pink"
"X96506_s_at","brown4"
"U43189_s_at","antiquewhite4"
"U43747_s_at","darkorange2"
"U45448_s_at","turquoise"
"U47686_s_at","orangered4"
"U49020_cds2_s_at","salmon4"
"Z49148_s_at","brown"
"U49835_s_at","lightpink4"
"U52077_s_at","blue"
"X92493_s_at","turquoise"
"U52696_s_at","lightcyan"
"U52828_s_at","bisque4"
"U54644_s_at","brown4"
"U66711_rna1_s_at","brown4"
"U57623_s_at","brown4"
"U57971_s_at","brown4"
"U59831_rna1_s_at","darkseagreen4"
"U61276_s_at","brown4"
"U67122_s_at","grey60"
"X99586_s_at","lightcyan"
"U61397_s_at","brown4"
"U65416_rna1_s_at","brown4"
"U66828_s_at","brown4"
"U70064_s_at","red"
"U68105_s_at","cyan"
"Z48501_s_at","brown4"
"U69126_s_at","blue"
"U70439_s_at","darkorange2"
"U72936_s_at","pink"
"U79528_s_at","white"
"U83239_s_at","bisque4"
"U90543_s_at","coral2"
"U90552_s_at","steelblue"
"Y08265_s_at","brown4"
"X06700_s_at","red"
"X65965_s_at","skyblue"
"X15729_s_at","brown4"
"X70944_s_at","brown4"
"X56681_s_at","brown4"
"X53296_s_at","ivory"
"X53390_s_at","coral2"
"X55037_s_at","brown4"
"Y00451_s_at","blue"
"X58431_rna2_s_at","brown4"
"X59932_s_at","turquoise"
"X74874_rna1_s_at","paleturquoise"
"X83492_at","brown4"
"X89101_s_at","midnightblue"
"X66276_s_at","brown4"
"X66894_s_at","ivory"
"Z25521_s_at","brown4"
"X82206_s_at","bisque4"
"Z49825_s_at","brown4"
"Z69043_s_at","darkorange"
"X90846_at","brown4"
"X98534_s_at","lightpink4"
"Z11899_s_at","brown4"
"Z35402_rna1_s_at","salmon4"
"D83174_s_at","turquoise"
"K02882_cds1_s_at","turquoise"
"M36430_s_at","lightpink4"
"M95936_s_at","darkturquoise"
"S82297_at","brown"
"X89399_s_at","midnightblue"
"S77582_at","coral1"
"HG2147-HT2217_at","brown4"
"HG3991-HT4261_r_at","white"
"HG4557-HT4962_at","blue"
"HG4557-HT4962_r_at","brown4"
"L11672_at","lightcyan"
"L11672_r_at","blue"
"M21388_r_at","brown4"
"M55422_at","brown4"
"U57341_r_at","bisque4"
"X98482_r_at","brown4"
"U34301_r_at","brown4"
"HG2148-HT2218_f_at","lavenderblush3"
"HG3236-HT3413_f_at","darkgrey"
"HG3597-HT3800_f_at","magenta"
"HG688-HT688_f_at","darkorange2"
"J02982_f_at","turquoise"
"J03801_f_at","skyblue"
"L49173_f_at","brown4"
"L49219_f_at","paleturquoise"
"M19045_f_at","skyblue"
"X14008_rna1_f_at","magenta"
"X59244_f_at","royalblue"
"D49728_at","turquoise"
"D87017_cds3_at","blue"
"HG1980-HT2023_at","skyblue1"
"HG2149-HT2219_at","plum2"
"HG3636-HT3846_at","brown4"
"HG4108-HT4378_at","bisque4"
"HG4593-HT4998_at","bisque4"
"HG881-HT881_at","brown4"
"J05412_at","darkolivegreen"
"K03431_cds1_at","brown4"
"L05187_at","brown4"
"L13740_at","brown4"
"M10942_at","darkgrey"
"M10943_at","brown4"
"M13485_at","bisque4"
"M21539_at","midnightblue"
"M30838_at","grey60"
"M31523_at","blue"
"M31932_at","darkseagreen4"
"M36072_at","brown"
"M92642_at","pink"
"M99439_at","brown4"
"U12140_at","paleturquoise"
"U19765_at","grey"
"U25975_at","darkorange2"
"U27460_at","orangered4"
"U28014_at","skyblue1"
"U49441_at","brown4"
"U66061_cds3_at","brown4"
"U66077_at","brown4"
"U76388_at","lightpink4"
"U92027_at","midnightblue"
"X01703_at","cyan"
"X16546_at","magenta"
"X17093_at","brown4"
"X69115_at","darkorange2"
"X69654_at","brown4"
"X72475_at","white"
"X90530_at","pink"
"X98296_at","bisque4"
"Z30643_at","pink"
"Z80783_at","brown4"
"Z80787_at","bisque4"
"Z83336_at","red"
"D17427_at","antiquewhite4"
"L08904_at","brown4"
"L32961_at","lightcyan"
"L37112_at","plum2"
"M24069_at","sienna3"
"M36634_at","grey60"
"M64752_at","thistle1"
"U01337_at","bisque4"
"U01828_at","lavenderblush3"
"U04241_at","grey"
"U09587_at","bisque4"
"U14187_at","brown4"
"U20499_at","grey60"
"U35234_at","darkorange"
"U47677_at","antiquewhite4"
"X06318_at","darkgrey"
"X12953_at","coral2"
"X51345_at","white"
"X52889_at","brown4"
"X78711_at","grey"
"X98253_at","bisque4"
"Y00477_at","brown4"
"Z86000_at","grey"
"M27749_at","paleturquoise"
"M34516_r_at","ivory"
"U88898_r_at","brown4"
"D32129_f_at","lightcyan"
"D38437_f_at","brown4"
"D38498_f_at","brown4"
"HG1515-HT1515_f_at","blue"
"HG2915-HT3059_f_at","thistle1"
"HG2917-HT3061_f_at","skyblue"
"HG4490-HT4876_f_at","lavenderblush3"
"J00212_f_at","turquoise"
"K02405_f_at","sienna3"
"L02326_f_at","brown4"
"L05188_f_at","brown4"
"L18877_f_at","grey60"
"L42583_f_at","brown4"
"L42601_f_at","lightcyan"
"L42611_f_at","pink"
"M33600_f_at","royalblue"
"M37755_f_at","coral1"
"M60750_f_at","brown4"
"M90356_f_at","darkgrey"
"U10690_f_at","brown4"
"V01516_f_at","orangered4"
"X13930_f_at","bisque4"
"X53065_f_at","bisque4"
"X97444_f_at","brown4"
"X00351_f_at","bisque4"
"X01677_f_at","brown"
"M31667_f_at","brown4"
"L41268_f_at","brown4"
"HG658-HT658_f_at","blue"
"M94880_f_at","lightcyan"
"X03068_f_at","royalblue"
"U88902_cds1_f_at","brown4"
"D64015_at","bisque4"
"L78833_cds4_at","brown4"
"M21064_at","blue"
"M93143_at","brown4"
"U29175_at","blue"
"U48730_at","brown4"
"U58516_at","brown4"
"X06956_at","lightcyan"
"X83863_at","bisque4"
"Z17240_at","bisque4"
